BTM,target,n,r,p_value,module_time
D1/0_antigen presentation (lipids and proteins) (M28),outcome,34,-0.19467116634810647,0.2699158701487501,D1/0
D1/0_antigen presentation (lipids and proteins) (M28),tPLS_Comp1,34,-0.5696297919166957,4.375871127247702e-4,D1/0
D1/0_enriched for promoter motif NATCACGTGAY (putative SREBF1 targets) (M178),outcome,34,0.28842230620456616,0.09807915954037295,D1/0
D1/0_enriched for promoter motif NATCACGTGAY (putative SREBF1 targets) (M178),tPLS_Comp1,34,0.5278410513383166,0.0013352679159349071,D1/0
D1/0_glycerophospholipid metabolism (M114.1),outcome,34,-0.028750566172554014,0.8717738296795379,D1/0
D1/0_glycerophospholipid metabolism (M114.1),tPLS_Comp1,34,-0.39925607695793924,0.019325861491233404,D1/0
"D1/0_lipid metabolism, endoplasmic reticulum (M92)",outcome,34,-0.22357994016284666,0.20369892178646398,D1/0
"D1/0_lipid metabolism, endoplasmic reticulum (M92)",tPLS_Comp1,34,-0.6302466478922754,6.477849087707017e-5,D1/0
D3/0_antigen presentation (lipids and proteins) (M28),outcome,34,-0.319168832406581,0.06578272161061441,D3/0
D3/0_antigen presentation (lipids and proteins) (M28),tPLS_Comp1,34,-0.5367432317441496,0.0010655145615233136,D3/0
D3/0_enriched for promoter motif NATCACGTGAY (putative SREBF1 targets) (M178),outcome,34,0.3992197578010997,0.019337888832429585,D3/0
D3/0_enriched for promoter motif NATCACGTGAY (putative SREBF1 targets) (M178),tPLS_Comp1,34,0.5056948670001886,0.002281236873637448,D3/0
D3/0_glycerophospholipid metabolism (M114.1),outcome,34,-0.37734051291179294,0.02780652480586008,D3/0
D3/0_glycerophospholipid metabolism (M114.1),tPLS_Comp1,34,-0.7154595757989827,1.978390261212936e-6,D3/0
"D3/0_lipid metabolism, endoplasmic reticulum (M92)",outcome,34,-0.36867824971882596,0.03190799007780325,D3/0
"D3/0_lipid metabolism, endoplasmic reticulum (M92)",tPLS_Comp1,34,-0.7282757313736873,1.0491797572143457e-6,D3/0
D7/0_antigen presentation (lipids and proteins) (M28),outcome,34,-0.10637126516259517,0.5493405240418955,D7/0
D7/0_antigen presentation (lipids and proteins) (M28),tPLS_Comp1,34,-0.047775920286608035,0.7884590295871438,D7/0
D7/0_enriched for promoter motif NATCACGTGAY (putative SREBF1 targets) (M178),outcome,34,0.3764010787785348,0.028229252261118182,D7/0
D7/0_enriched for promoter motif NATCACGTGAY (putative SREBF1 targets) (M178),tPLS_Comp1,34,0.17615244830518648,0.31898895242898767,D7/0
D7/0_glycerophospholipid metabolism (M114.1),outcome,34,-0.15019844032685264,0.3965125117924917,D7/0
D7/0_glycerophospholipid metabolism (M114.1),tPLS_Comp1,34,-0.46266699248858945,0.005866181867463413,D7/0
"D7/0_lipid metabolism, endoplasmic reticulum (M92)",outcome,34,-0.22917410893082518,0.19231825027735527,D7/0
"D7/0_lipid metabolism, endoplasmic reticulum (M92)",tPLS_Comp1,34,-0.5938364492259623,2.1359674774157358e-4,D7/0
